<application>
  <component name="MaterialThemeConfig">
    <option name="allowDataCollection" value="true" />
    <option name="compactSidebar" value="true" />
    <option name="isCompactStatusBar" value="true" />
    <option name="isContrastMode" value="true" />
    <option name="isWizardShown" value="true" />
    <option name="statusBarTheme" value="false" />
    <option name="tabsHeight" value="24" />
    <option name="accentColor" value="616161" />
    <option name="highlightColor" value="80cbc4" />
    <option name="selectedTheme" value="DARKER" />
    <option name="userId" value="6837127:164c571d1bb:-7fff" />
    <option name="version" value="3.10.0" />
  </component>
</application>